{
   "Enemy" : {
      "Enemy Quantity" : 0
   },
   "Player" : {
      "Player Position" : [ 0.0, 0.0, 0.0 ]
   },
   "Terrain" : {
      "Terrain Save" : [ "F:/work/MyD3D/_Contents/Landscape/aaa.terrain" ]
   },
   "Untouchable" : {
      "Untouchable0" : {
         "Structs" : {
            "File Name" : [ "../_Contents/Models/Grund/Grund" ],
            "Number0" : {
               "Rotate" : [ 0.0, 1.0088427066802979, 0.47833186388015747 ],
               "Scale" : [ 6.9614167213439941, 6.9576935768127441, 6.7322249412536621 ],
               "Trans" : [ 57.550636291503906, 0.0, 83.133926391601563 ]
            },
            "Number1" : {
               "Rotate" : [ 0.0, 0.0, 0.0 ],
               "Scale" : [ 1.0, 1.0, 1.0 ],
               "Trans" : [ 68.162620544433594, 3.814697265625e-06, 63.719818115234375 ]
            },
            "Number2" : {
               "Rotate" : [ 0.0, 0.0, 0.0 ],
               "Scale" : [ 1.0, 1.0, 1.0 ],
               "Trans" : [ 39.794387817382813, 3.814697265625e-06, 40.776123046875 ]
            },
            "Number3" : {
               "Rotate" : [ 0.0, 0.0, 0.0 ],
               "Scale" : [ 1.0, 1.0, 1.0 ],
               "Trans" : [ 68.898353576660156, 0.0, 29.089950561523438 ]
            },
            "Quantity" : 4
         }
      },
      "Untouchables" : {
         "Untouchable Quantity" : 1
      }
   }
}
