{
   "Enemy" : {
      "Enemy Quantity" : 3,
      "Enemy0" : {
         "Start Position" : [ 20.233034133911133, 0.0, 15.033943176269531 ]
      },
      "Enemy1" : {
         "Start Position" : [ 19.930517196655273, 3.814697265625e-06, 104.51834869384766 ]
      },
      "Enemy2" : {
         "Start Position" : [ 80.893020629882813, 0.0, 51.708206176757813 ]
      }
   },
   "Player" : {
      "Player Position" : [ 85.701644897460938, 0.0, 20.513612747192383 ]
   },
   "Terrain" : {
      "Terrain Save" : [ "C:/Work/MyToonShading/_Contents/Landscape/aaa.terrain" ]
   },
   "Untouchable" : {
      "Untouchable0" : {
         "Structs" : {
            "File Name" : [ "../_Contents/Models/Enemies/Tiger" ],
            "Number0" : {
               "Rotate" : [ 0.0, 0.0, 0.0 ],
               "Scale" : [ 1.0, 1.0, 1.0 ],
               "Trans" : [ 16.816513061523438, 0.0, 58.304229736328125 ]
            },
            "Number1" : {
               "Rotate" : [ 0.0, 0.0, 0.0 ],
               "Scale" : [ 1.0, 1.0, 1.0 ],
               "Trans" : [ 14.20921516418457, 0.0, 31.713476181030273 ]
            },
            "Number2" : {
               "Rotate" : [ 0.0, 0.0, 0.0 ],
               "Scale" : [ 1.0, 1.0, 1.0 ],
               "Trans" : [ 30.290727615356445, 0.0, 39.064613342285156 ]
            },
            "Quantity" : 3
         }
      },
      "Untouchable1" : {
         "Structs" : {
            "File Name" : [ "../_Contents/Models/Grund/Grund" ],
            "Number0" : {
               "Rotate" : [ 0.0, 0.0, 0.0 ],
               "Scale" : [ 1.0, 1.0, 1.0 ],
               "Trans" : [ 56.185115814208984, 0.0, 100.68972778320313 ]
            },
            "Number1" : {
               "Rotate" : [ 0.0, 0.0, 0.0 ],
               "Scale" : [ 1.0, 1.0, 1.0 ],
               "Trans" : [ 51.770339965820313, 0.0, 33.456413269042969 ]
            },
            "Number2" : {
               "Rotate" : [ 0.0, 0.0, 0.0 ],
               "Scale" : [ 1.0, 1.0, 1.0 ],
               "Trans" : [ 34.928421020507813, 0.0, 18.722902297973633 ]
            },
            "Quantity" : 3
         }
      },
      "Untouchables" : {
         "Untouchable Quantity" : 2
      }
   }
}
