{
   "Enemy" : {
      "Enemy Quantity" : 6,
      "Enemy0" : {
         "Start Position" : [ 37.28485107421875, 0.0, 41.425308227539063 ]
      },
      "Enemy1" : {
         "Start Position" : [ 128.54995727539063, 0.0, 15.994544982910156 ]
      },
      "Enemy2" : {
         "Start Position" : [ 81.656814575195313, 0.0, 50.744110107421875 ]
      },
      "Enemy3" : {
         "Start Position" : [ 225.01283264160156, 0.0, 143.87043762207031 ]
      },
      "Enemy4" : {
         "Start Position" : [ 12.627571105957031, 0.0, 137.70466613769531 ]
      },
      "Enemy5" : {
         "Start Position" : [ 12.235492706298828, 0.0, 188.33645629882813 ]
      }
   },
   "Player" : {
      "Player Position" : [ 157.80557250976563, 0.0, 65.3983154296875 ]
   },
   "Terrain" : {
      "Terrain Save" : [ "C:/Work/MyToonShading/_Contents/Landscape/terrainTemp.terrain" ]
   },
   "Untouchable" : {
      "Untouchable0" : {
         "Structs" : {
            "File Name" : [ "../_Contents/Models/Enemies/Tiger" ],
            "Number0" : {
               "Rotate" : [ 0.0, 0.0, 0.0 ],
               "Scale" : [ 1.7958182096481323, 3.4219486713409424, 2.3594889640808105 ],
               "Trans" : [ 26.823505401611328, 0.0, 219.36235046386719 ]
            },
            "Number1" : {
               "Rotate" : [ 0.0, 0.0, 0.0 ],
               "Scale" : [ 1.0, 1.0, 1.0 ],
               "Trans" : [ 35.607124328613281, 0.0, 116.90737915039063 ]
            },
            "Number10" : {
               "Rotate" : [ 0.0, 0.0, 0.0 ],
               "Scale" : [ 1.0, 1.0, 1.0 ],
               "Trans" : [ 168.07598876953125, 0.0, 132.84980773925781 ]
            },
            "Number11" : {
               "Rotate" : [ 0.0, 0.0, 0.0 ],
               "Scale" : [ 1.0, 1.0, 1.0 ],
               "Trans" : [ 151.00424194335938, -7.62939453125e-06, 222.09941101074219 ]
            },
            "Number12" : {
               "Rotate" : [ 0.0, 0.0, 0.0 ],
               "Scale" : [ 1.1952096223831177, 1.225305438041687, 1.0 ],
               "Trans" : [ 132.49928283691406, 0.0, 69.7608642578125 ]
            },
            "Number13" : {
               "Rotate" : [ 0.81517022848129272, 0.98349666595458984, 0.0 ],
               "Scale" : [ 1.0, 1.0, 1.0 ],
               "Trans" : [ 94.808197021484375, 0.0, 27.767143249511719 ]
            },
            "Number14" : {
               "Rotate" : [ 0.0, 0.0, 0.0 ],
               "Scale" : [ 1.0, 1.0, 1.0 ],
               "Trans" : [ 200.57382202148438, 0.0, 11.73968505859375 ]
            },
            "Number15" : {
               "Rotate" : [ 0.0, 0.0, 0.0 ],
               "Scale" : [ 1.0, 1.0, 1.0 ],
               "Trans" : [ 234.17147827148438, -7.62939453125e-06, 113.29734802246094 ]
            },
            "Number16" : {
               "Rotate" : [ 0.0, 0.0, 0.0 ],
               "Scale" : [ 1.0, 1.0, 1.0 ],
               "Trans" : [ 227.73432922363281, 0.0, 54.14190673828125 ]
            },
            "Number17" : {
               "Rotate" : [ 0.0, 0.0, 0.0 ],
               "Scale" : [ 1.0, 1.0, 1.0 ],
               "Trans" : [ 217.364013671875, 0.0, 216.95698547363281 ]
            },
            "Number18" : {
               "Rotate" : [ 0.0, 0.0, 0.0 ],
               "Scale" : [ 1.0, 1.0, 1.0 ],
               "Trans" : [ 121.27122497558594, 0.0, 158.34573364257813 ]
            },
            "Number2" : {
               "Rotate" : [ 0.0, 0.0, 0.0 ],
               "Scale" : [ 1.0, 1.0, 1.0 ],
               "Trans" : [ 89.239120483398438, -7.62939453125e-06, 196.25517272949219 ]
            },
            "Number3" : {
               "Rotate" : [ 0.0, 0.0, 0.0 ],
               "Scale" : [ 1.0, 1.0, 1.0 ],
               "Trans" : [ 100.37690734863281, 0.0, 89.614974975585938 ]
            },
            "Number4" : {
               "Rotate" : [ 0.0, 0.0, 0.0 ],
               "Scale" : [ 1.0, 1.0, 1.0 ],
               "Trans" : [ 56.538566589355469, 0.0, 48.78057861328125 ]
            },
            "Number5" : {
               "Rotate" : [ 0.0, 0.0, 0.0 ],
               "Scale" : [ 1.0, 1.0, 1.0 ],
               "Trans" : [ 134.37844848632813, 0.0, 40.531585693359375 ]
            },
            "Number6" : {
               "Rotate" : [ 0.0, 0.0, 0.0 ],
               "Scale" : [ 2.3911609649658203, 4.4902243614196777, 3.1762945652008057 ],
               "Trans" : [ 130.07106018066406, 0.0, 121.68069458007813 ]
            },
            "Number7" : {
               "Rotate" : [ 0.0, 0.0, 0.0 ],
               "Scale" : [ 2.9465377330780029, 3.2884252071380615, 2.2038028240203857 ],
               "Trans" : [ 79.467330932617188, 0.0, 133.45904541015625 ]
            },
            "Number8" : {
               "Rotate" : [ 0.0, 0.0, 0.0 ],
               "Scale" : [ 1.0, 1.0, 1.0 ],
               "Trans" : [ 200.68649291992188, 0.0, 176.46372985839844 ]
            },
            "Number9" : {
               "Rotate" : [ 0.0, 0.0, 0.0 ],
               "Scale" : [ 1.0, 1.0, 1.0 ],
               "Trans" : [ 182.22592163085938, 0.0, 67.953201293945313 ]
            },
            "Quantity" : 19
         }
      },
      "Untouchable1" : {
         "Structs" : {
            "File Name" : [ "../_Contents/Models/Grund/Grund" ],
            "Number0" : {
               "Rotate" : [ 0.0, 0.0, 0.0 ],
               "Scale" : [ 1.0, 1.0, 1.0 ],
               "Trans" : [ 22.879562377929688, 7.62939453125e-06, 74.782150268554688 ]
            },
            "Number1" : {
               "Rotate" : [ 0.64053696393966675, 0.1135031133890152, 0.0 ],
               "Scale" : [ 1.0, 1.0, 1.0 ],
               "Trans" : [ 61.972686767578125, 0.0, 16.547027587890625 ]
            },
            "Number2" : {
               "Rotate" : [ 0.68759936094284058, 0.72726154327392578, 0.0 ],
               "Scale" : [ 3.2348494529724121, 3.2454972267150879, 2.3341836929321289 ],
               "Trans" : [ 66.132575988769531, 0.0, 73.968551635742188 ]
            },
            "Number3" : {
               "Rotate" : [ 0.0, 0.0, 0.0 ],
               "Scale" : [ 1.0, 1.0, 1.0 ],
               "Trans" : [ 110.02815246582031, 7.62939453125e-06, 48.737213134765625 ]
            },
            "Number4" : {
               "Rotate" : [ 0.0, 0.0, 0.0 ],
               "Scale" : [ 1.0, 1.0, 1.0 ],
               "Trans" : [ 38.298759460449219, 0.0, 163.09817504882813 ]
            },
            "Number5" : {
               "Rotate" : [ 0.0, 0.0, 0.0 ],
               "Scale" : [ 1.0, 1.0, 1.0 ],
               "Trans" : [ 164.26615905761719, 0.0, 21.002632141113281 ]
            },
            "Quantity" : 6
         }
      },
      "Untouchables" : {
         "Untouchable Quantity" : 2
      }
   }
}
